source,target,interaction,directed,value
NADPH,Glr,pp,TRUE,1
NADPH,Trr1,pp,TRUE,1
Glr,GSH,pp,TRUE,1
GSH,Grx1 2,pp,TRUE,1
GSH,PSS,pp,TRUE,1
Grx1 2,PSS,pp,TRUE,1
GSH,Gpx1,pp,TRUE,1
GSH,Gpx2,pp,TRUE,1
GSH,Gpx3,pp,TRUE,1
Gpx1,H2O2,pp,TRUE,1
Gpx2,H2O2,pp,TRUE,1
Gpx3,H2O2,pp,TRUE,1
Trr1,Trx1 2,pp,TRUE,1
Trx1 2,PSS,pp,TRUE,1
Trx1 2,Tsa1,pp,TRUE,1
Trx1 2,Tsa2,pp,TRUE,1
Trx1 2,Ahp1,pp,TRUE,1
Trx1 2,Dot5,pp,TRUE,1
Tsa1,H2O2,pp,TRUE,1
Tsa2,H2O2,pp,TRUE,1
Ahp1,H2O2,pp,TRUE,1
Dot5,H2O2,pp,TRUE,1
Ctt1,H2O2,pp,TRUE,1
