source,target,interaction,directed,value
NADPH,MR,pp,TRUE,1
NADPH,TR,pp,TRUE,1
MR,MSH,pp,TRUE,1
MSH,PSS,pp,TRUE,1
MSH,Mrx-1,pp,TRUE,1
MSH,AhpE,pp,TRUE,1
Mrx-1,PSS,pp,TRUE,1
Mrx-1,AhpE,pp,TRUE,1
AhpE,H2O2,pp,TRUE,1
TrxB2,TrxB,pp,TRUE,1
TrxB2,TrxC,pp,TRUE,1
TrxB1,PSS,pp,TRUE,1
TrxB1,Tpx,pp,TRUE,1
TrxB1,PrxQ,pp,TRUE,1
TrxB1,PrxQ B,pp,TRUE,1
TrxC,PSS,pp,TRUE,1
TrxC,Tpx,pp,TRUE,1
TrxC,PrxQ,pp,TRUE,1
TrxC,PrxQ B,pp,TRUE,1
Tpx,H2O2,pp,TRUE,1
PrxQ,H2O2,pp,TRUE,1
PrxQ B,H2O2,pp,TRUE,1
KatG,H2O2,pp,TRUE,1
NADH,Lpd,pp,TRUE,1
Lpd,DlaT,pp,TRUE,1
DlaT,AhpD,pp,TRUE,1
AhpD,AhpC,pp,TRUE,1
AhpC,H2O2,pp,TRUE,1
